{
    "广州": [113.280637,23.125178],
    "清远": [113.051227,23.685022],
    "韶关": [113.591544,24.801322],
    "湛江": [110.364977,21.274898], 
    "梅州": [116.117582,24.299112], 
    "河源": [114.697802,23.746266], 
    "肇庆": [112.472529,23.051546], 
    "惠州": [114.412599,23.079404],
    "茂名": [110.919229,21.659751], 
    "江门": [113.094942,22.590431], 
    "阳江": [111.975107,21.859222], 
    "云浮": [112.044439,22.929801], 
    "汕尾": [115.364238,22.774485],
    "揭阳": [116.355733,23.543778],
    "珠海": [113.553986,22.224979],
    "佛山": [113.122717,23.028762],
    "潮州": [116.632301,23.661701], 
    "汕头": [116.708463,23.37102], 
    "深圳": [114.085947,22.547], 
    "东莞": [113.746262,23.046237], 
    "中山": [113.382391,22.521113]
}